"de","German","Deutsch"
"en","English","English"
"es","Spanish","Español"
"fr","French","Français"
"it","Italian","Italiano"
"pl","Polish","Polski"
"pt","Portuguese","Português"
"ru","Russian","Русский"
"sv","Swedish","Svenska"
"sw","Swahili","Kiswahili"
"tr","Turkish","Türkçe"
"mn","Mongolian","Mонгол"
"fi","Finnish","Suomi"
"ar","Arabic","العربية"
"ab","Abkhaz","аҧсуа (beta)"
"aa","Afar","Afaraf (beta)"
"af","Afrikaans","Afrikaans"
"ak","Akan","Akan (beta)"
"sq","Albanian","Shqip (beta)"
"am","Amharic","አማርኛ"
"an","Aragonese","Aragonés (beta)"
"hy","Armenian","Հայերեն (beta)"
"as","Assamese","অসমীয়া (beta)"
"av","Avaric","авар мацӀ, магӀарул мацӀ (beta)"
"ae","Avestan","avesta (beta)"
"ay","Aymara","aymar aru (beta)"
"az","Azerbaijani","azərbaycan dili (beta)"
"bm","Bambara","bamanankan (beta)"
"ba","Bashkir","башҡорт теле (beta)"
"eu","Basque","euskara, euskera (beta)"
"be","Belarusian","Беларуская (beta)"
"bn","Bengali","বাংলা"
"bh","Bihari","भोजपुरी (beta)"
"bi","Bislama","Bislama (beta)"
"bs","Bosnian","bosanski jezik (beta)"
"br","Breton","brezhoneg (beta)"
"bg","Bulgarian","български"
"my","Burmese","ဗမာစာ (beta)"
"ca","Catalan; Valencian","Català (beta)"
"ch","Chamorro","Chamoru (beta)"
"ce","Chechen","нохчийн мотт (beta)"
"ny","Chichewa; Chewa; Nyanja","chiCheŵa, chinyanja (beta)"
"zh","Chinese","中文"
"cv","Chuvash","чӑваш чӗлхи (beta)"
"kw","Cornish","Kernewek (beta)"
"co","Corsican","corsu, lingua corsa (beta)"
"cr","Cree","ᓀᐦᐃᔭᐍᐏᐣ (beta)"
"hr","Croatian","hrvatski (beta)"
"cs","Czech","Čeština"
"da","Danish","Dansk"
"dv","Divehi; Dhivehi; Maldivian;","Maldivian (beta)"
"nl","Dutch","Nederlands"
"eo","Esperanto","Esperanto (beta)"
"et","Estonian","eesti, eesti keel (beta)"
"ee","Ewe","Eʋegbe (beta)"
"fo","Faroese","føroyskt (beta)"
"fj","Fijian","vosa Vakaviti (beta)"
"ff","Fula; Fulah; Pulaar; Pular","Fulfulde, Pulaar, Pular (beta)"
"gl","Galician","Galego (beta)"
"ka","Georgian","ქართული (beta)"
"el","Greek","Ελληνικά"
"gn","Guaraní","Avañeẽ (beta)"
"gu","Gujarati","ગુજરાતી"
"ht","Haitian; Haitian Creole","Kreyòl ayisyen (beta)"
"ha","Hausa","Hausa, هَوُسَ (beta)"
"he","Hebrew (modern)","עברית"
"hz","Herero","Otjiherero (beta)"
"hi","Hindi","हिन्दी"
"ho","Hiri Motu","Hiri Motu (beta)"
"hu","Hungarian","Magyar"
"ia","Interlingua","Interlingua (beta)"
"id","Bahasa Indonesia","Bahasa Indonesia"
"ie","Interlingue","Originally called Occidental; then Interlingue after WWII (beta)"
"ga","Irish","Gaeilge (beta)"
"ig","Igbo","Asụsụ Igbo (beta)"
"ik","Inupiaq","Iñupiaq, Iñupiatun (beta)"
"io","Ido","Ido (beta)"
"is","Icelandic","Íslenska (beta)"
"iu","Inuktitut","ᐃᓄᒃᑎᑐᑦ (beta)"
"ja","Japanese","日本語"
"jv","Javanese","basa Jawa (beta)"
"kl","Kalaallisut, Greenlandic","kalaallisut, kalaallit oqaasii (beta)"
"kn","Kannada","ಕನ್ನಡ"
"kr","Kanuri","Kanuri (beta)"
"ks","Kashmiri","कश्मीरी, كشميري‎ (beta)"
"kk","Kazakh","Қазақ тілі (beta)"
"km","Khmer","ភាសាខ្មែរ (beta)"
"ki","Kikuyu, Gikuyu","Gĩkũyũ (beta)"
"rw","Kinyarwanda","Ikinyarwanda (beta)"
"ky","Kirghiz, Kyrgyz","кыргыз тили (beta)"
"kv","Komi","коми кыв (beta)"
"kg","Kongo","KiKongo (beta)"
"ko","Korean","한국어"
"ku","Kurdish","Kurdî, كوردی‎ (beta)"
"kj","Kwanyama, Kuanyama","Kuanyama (beta)"
"la","Latin","latine, lingua latina (beta)"
"lb","Luxembourgish, Letzeburgesch","Lëtzebuergesch (beta)"
"lg","Luganda","Luganda (beta)"
"li","Limburgish, Limburgan, Limburger","Limburgs (beta)"
"ln","Lingala","Lingála (beta)"
"lo","Lao","ພາສາລາວ (beta)"
"lt","Lithuanian","lietuvių kalba (beta)"
"lu","Luba-Katanga"," (beta)"
"lv","Latvian","latviešu valoda (beta)"
"gv","Manx","Gaelg, Gailck (beta)"
"mk","Macedonian","македонски јазик (beta)"
"mg","Malagasy","Malagasy fiteny (beta)"
"ms","Bahasa Malayia","Bahasa Malaysia"
"ml","Malayalam","മലയാളം"
"mt","Maltese","Malti (beta)"
"mi","Māori","te reo Māori (beta)"
"mr","Marathi (Marāṭhī)","मराठी"
"mh","Marshallese","Kajin M̧ajeļ (beta)"
"na","Nauru","Ekakairũ Naoero (beta)"
"nv","Navajo, Navaho","Diné bizaad, Dinékʼehǰí (beta)"
"nb","Norwegian","Norsk"
"nd","North Ndebele","isiNdebele (beta)"
"ne","Nepali","नेपाली"
"ng","Ndonga","Owambo (beta)"
"nn","Norwegian Nynorsk","Norsk nynorsk (beta)"
"no","Norwegian","Norsk"
"ii","Nuosu","ꆈꌠ꒿ Nuosuhxop (beta)"
"nr","South Ndebele","isiNdebele (beta)"
"oc","Occitan","Occitan (beta)"
"oj","Ojibwe, Ojibwa","ᐊᓂᔑᓈᐯᒧᐎᓐ (beta)"
"cu","Old Church Slavonic, Church Slavic, Church Slavonic, Old Bulgarian, Old Slavonic","ѩзыкъ словѣньскъ (beta)"
"om","Oromo","Afaan Oromoo (beta)"
"or","Oriya","ଓଡ଼ିଆ"
"os","Ossetian, Ossetic","ирон æвзаг (beta)"
"pa","Panjabi, Punjabi","ਪੰਜਾਬੀ"
"pi","Pāli","पाऴि (beta)"
"fa","Persian","Persian"
"ps","Pashto, Pushto","پښتو (beta)"
"qu","Quechua","Runa Simi, Kichwa (beta)"
"rm","Romansh","rumantsch grischun (beta)"
"rn","Kirundi","kiRundi (beta)"
"ro","Romanian","Română"
"sa","Sanskrit (Saṁskṛta)","संस्कृतम् (beta)"
"sc","Sardinian","sardu (beta)"
"sd","Sindhi","सिन्धी, سنڌي، سندھی‎ (beta)"
"se","Northern Sami","Davvisámegiella (beta)"
"sm","Samoan","gagana faa Samoa (beta)"
"sg","Sango","yângâ tî sängö (beta)"
"sr","Serbian","српски језик (beta)"
"gd","Scottish Gaelic; Gaelic","Gàidhlig (beta)"
"sn","Shona","chiShona (beta)"
"si","Sinhala, Sinhalese","සිංහල (beta)"
"sk","Slovak","Slovenčina"
"sl","Slovene","slovenščina (beta)"
"so","Somali","Soomaaliga, af Soomaali (beta)"
"st","Southern Sotho","Sesotho (beta)"
"su","Sundanese","Basa Sunda (beta)"
"ss","Swati","SiSwati (beta)"
"ta","Tamil","தமிழ்"
"te","Telugu","తెలుగు"
"tg","Tajik","тоҷикӣ, toğikī, تاجیکی‎ (beta)"
"th","Thai","ไทย"
"ti","Tigrinya","ትግርኛ (beta)"
"bo","Tibetan Standard, Tibetan, Central","བོད་ཡིག (beta)"
"tk","Turkmen","Türkmen, Түркмен (beta)"
"tl","Tagalog","Wikang Tagalog, ᜏᜒᜃᜅ᜔ ᜆᜄᜎᜓᜄ᜔ (beta)"
"tn","Tswana","Setswana (beta)"
"to","Tonga (Tonga Islands)","faka Tonga (beta)"
"ts","Tsonga","Xitsonga (beta)"
"tt","Tatar","татарча, tatarça, تاتارچا‎ (beta)"
"tw","Twi","Twi (beta)"
"ty","Tahitian","Reo Tahiti (beta)"
"ug","Uighur, Uyghur","Uyƣurqə, ئۇيغۇرچە‎ (beta)"
"uk","Ukrainian","Українська"
"ur","Urdu","اردو"
"uz","Uzbek","zbek, Ўзбек, أۇزبېك‎ (beta)"
"ve","Venda","Tshivenḓa (beta)"
"vi","Vietnamese","Tiếng Việt"
"vo","Volapük","Volapük (beta)"
"wa","Walloon","Walon (beta)"
"cy","Welsh","Cymraeg"
"wo","Wolof","Wollof (beta)"
"fy","Western Frisian","Frysk (beta)"
"xh","Xhosa","isiXhosa"
"yi","Yiddish","ייִדיש (beta)"
"yo","Yoruba","Yorùbá (beta)"
"za","Zhuang, Chuang","Saɯ cueŋƅ, Saw cuengh (beta)"
"zu","Zulu","isiZulu"
